{
  "hotwords": [
    "API",
    "SDK",
    "OAuth",
    "REST",
    "GraphQL",
    "Kubernetes",
    "Docker",
    "CI/CD",
    "DevOps",
    "機械学習",
    "ディープラーニング",
    "ニューラルネットワーク",
    "トランスフォーマー",
    "アテンション機構",
    "KPI",
    "ROI",
    "PDCA",
    "OKR",
    "ステークホルダー",
    "アジェンダ",
    "コンセンサス",
    "エビデンス",
    "プロトコル",
    "インフォームドコンセント"
  ],
  "replacements": {
    "エーピーアイ": "API",
    "ケーパーアイ": "KPI",
    "機械が嫌": "機械学習",
    "深層が嫌": "ディープラーニング",
    "以上です": "以上です"
  },
  "domains": {
    "it": [
      "Python",
      "JavaScript",
      "TypeScript",
      "React",
      "Vue.js",
      "PostgreSQL",
      "MongoDB",
      "Redis",
      "AWS",
      "Azure",
      "GCP"
    ],
    "medical": [
      "診断",
      "治療",
      "投薬",
      "手術",
      "検査",
      "カルテ"
    ],
    "legal": [
      "契約",
      "訴訟",
      "判例",
      "弁護士",
      "裁判所"
    ],
    "business": [
      "売上",
      "利益",
      "予算",
      "戦略",
      "マーケティング"
    ]
  }
}